id;Фамилия;Имя;Почта;Пароль;Телефон;birthday;created_at;gender
1;Богданова;Анастасия;pcartwright@example.org;67eb6af02331634af2fe3e17ebed56ed04d5545c;57962220098;05.05.1971;25.06.2022 23:27;f
2;Васильев;Роман;dejah.berge@example.com;2dd5e1c98bf584957e2cac78a7e488a2e3a291e3;66274036185;06.07.1975;30.03.2022 12:20;m
3;Ежов;Матвей;clark68@example.net;7f1e1bd5130f17108e32cb06fedcf36ae995eca0;90374857446;23.01.1983;31.01.2022 05:19;m
4;Кузнецов;Михаил;hwuckert@example.org;fdb3938b276b4dc3e91f9c553e1aaf6d1f57e5b2;65323037270;03.09.2017;14.03.2022 15:28;m
5;Трофимова;Дарья;baylee.miller@example.org;ccfdb401d7540956fe8fe2afe25b1e89bb59e3e3;77690191598;14.09.1970;26.07.2022 04:25;f
6;Воронин;Даниил;aabernathy@example.org;fbcf84842323cc542500eaaf02a4e81dc775595f;73097513745;21.02.2021;09.05.2022 20:07;m
7;Соколова;Алиса;randerson@example.com;161eb80e42aa7f6b4e01e6898db3ea67863e45b1;57906394172;28.06.2019;26.12.2021 22:54;f
8;Волошина;Кристина;swolf@example.org;2f3069ce2884e56b688a91d361da20dd61ea2d04;65844587561;09.08.1987;24.08.2022 08:37;f
9;Верещагина;Виктория;nicole.thompson@example.com;cbe50856ff04dc32d7419a33dacb990ca7b91bab;37802331002;26.01.2018;03.04.2022 19:56;f
10;Поляков;Александр;merle.brekke@example.net;481ffb23abfd86baf19cfe94812a294f0717491e;30069036527;11.11.2007;15.12.2021 11:27;m
11;Сергеева;Светлана;schultz.kaleb@example.org;2d53239fe3d66f3713b70dcf0492e6a10de7b8fb;23373429953;16.04.2001;09.06.2022 10:53;f
12;Матвеева;Анастасия;assunta.runte@example.com;fc9327a29c8f65fe1148df6144e334676fcbd03b;76814240763;29.05.1974;13.09.2022 08:34;f
13;Герасимов;Глеб;lgreen@example.com;141a105860ce5a6c3238456c5c81e9baba5b5f6b;37621050448;11.05.2018;12.04.2022 17:14;m
14;Гончаров;Алексей;zhilll@example.org;a5cd1a108572560f09b1040be9ced4a5e0c21e4f;83227506795;18.05.1991;27.07.2022 06:54;m
15;Миронов;Марк;clubowitz@example.org;e3227aab3727df5ab41fb333f81d9302a6f3ae22;52472948203;17.04.2010;05.08.2022 03:22;m